grupo,sha256,arquivos_no_grupo,caminho,tamanho_bytes
D001,bfb7ec836180bdeafb72afaa5addd86f3123f2a8605c42148655f11dec16ea92,2,public/midia/LAMBES-CARTAZES/1(1).png,1046560
D001,bfb7ec836180bdeafb72afaa5addd86f3123f2a8605c42148655f11dec16ea92,2,public/midia/LAMBES-CARTAZES/1.jpg,1046560
D002,9dd22fe67f33014a09fb7b6eec750febe5a82c24ec42a35c9a6820962f38a28c,2,public/midia/LAMBES-CARTAZES/4DB867D8-383F-4B39-B8AE-FA9DFF84754F.jpg,102743
D002,9dd22fe67f33014a09fb7b6eec750febe5a82c24ec42a35c9a6820962f38a28c,2,public/midia/LAMBES-CARTAZES/Cartilha Econômica de Milei (QR Code).jpg,102743
D003,7483a1f5e806a44a755a6c9c9ca6909e141c1dc5647969c557bc99c8951ae962,2,public/midia/LAMBES-CARTAZES/7B5E9E96-3E20-4B96-BE55-E708BB93040A.jpg,228896
D003,7483a1f5e806a44a755a6c9c9ca6909e141c1dc5647969c557bc99c8951ae962,2,public/midia/LAMBES-CARTAZES/Escala 6x1 (QR Code).jpg,228896
D004,48c82a9f68058042b68b8668d2532b3bc97ad92aba9c29462f36fd7813e42565,2,public/midia/LAMBES-CARTAZES/9956E452-892E-4988-B154-1FC18D1AC0AA.jpg,146401
D004,48c82a9f68058042b68b8668d2532b3bc97ad92aba9c29462f36fd7813e42565,2,public/midia/LAMBES-CARTAZES/Aposentadoria (QR Code).jpg,146401
D005,5a8decf0149b4f0702c03bf8a11484e7e0e443ca5a58e1f77d9a2c6ef341151b,2,public/midia/LAMBES-CARTAZES/9D2EDA12-8AE4-42C5-B944-2868FACF2DE5.jpg,99315
D005,5a8decf0149b4f0702c03bf8a11484e7e0e443ca5a58e1f77d9a2c6ef341151b,2,public/midia/LAMBES-CARTAZES/Aposentadoria 3 (QR Code).jpg,99315
D006,58f62047df553d73c6d158a85d03356d7115e1061da0d4c5bff8dca1e6fd46ab,2,public/midia/LAMBES-CARTAZES/@PCBR_Lorena flávio 6x1 - 1.png,567558
D006,58f62047df553d73c6d158a85d03356d7115e1061da0d4c5bff8dca1e6fd46ab,2,public/midia/LAMBES-CARTAZES/Cópia de @PCBR_Lorena flávio 6x1 - 1.png,567558
D007,4fda3b248d210bded5039c8f107503080bc7cf1e5d06cafd41aa1ac5d3697731,2,public/midia/LAMBES-CARTAZES/BCD2910D-1E1B-40AF-9349-872B56EA4DE4.jpg,123815
D007,4fda3b248d210bded5039c8f107503080bc7cf1e5d06cafd41aa1ac5d3697731,2,public/midia/LAMBES-CARTAZES/Escola Pública 2 (QR Code).jpg,123815
D008,70d9637ce99f193c064658c1179e662641e8cb39a852369a18111e1780583ad7,2,public/midia/LAMBES-CARTAZES/BD33230C-4BE9-44B7-B86F-A5B35BC12E9B.jpg,93883
D008,70d9637ce99f193c064658c1179e662641e8cb39a852369a18111e1780583ad7,2,public/midia/LAMBES-CARTAZES/Direitos trabalhistas (QR Code).jpg,93883
D009,7622d263a6f87d3f77f25161f7182d7a940ed1db71fee1091eb4c7c375b61558,2,public/midia/LAMBES-CARTAZES/Caso Ana Clara.jpg,606875
D009,7622d263a6f87d3f77f25161f7182d7a940ed1db71fee1091eb4c7c375b61558,2,public/midia/WEB/4B8EDCA4-886C-4D25-837C-1671738F816B.jpg,606875
D010,6f2e51e3acda29696c49c7e22e01b30cee78ac9702a4258c8d874158044537b5,2,public/midia/LAMBES-CARTAZES/Denúncia de Alfredo Gaspar (vice).jpg,233573
D010,6f2e51e3acda29696c49c7e22e01b30cee78ac9702a4258c8d874158044537b5,2,public/midia/WEB/7C950B3D-F3B7-4D1F-AEBC-65D5B4B7DBD3.jpg,233573
D011,c4541dfc10e178ce21d05007dcd308cc1bfcd9d6586b093303a272303cd3b07c,2,public/midia/LAMBES-CARTAZES/Fundo para Panfleto em branco divertido colorido(1).pdf,17254
D011,c4541dfc10e178ce21d05007dcd308cc1bfcd9d6586b093303a272303cd3b07c,2,public/midia/LAMBES-CARTAZES/Fundo para Panfleto em branco divertido colorido.pdf,17254
D012,61d7820e6d2463a5d117b796b0f6605a496bd87a676b2bd371d7d5e095a7c826,2,public/midia/LAMBES-CARTAZES/Nossa Senhora.jpg,153941
D012,61d7820e6d2463a5d117b796b0f6605a496bd87a676b2bd371d7d5e095a7c826,2,public/midia/WEB/Nossa Senhora_.jpg,153941
