arquivo_original,caminho,extensao,tamanho_bytes,largura_px,altura_px,paginas_pdf,sha256,problemas
Como virar os 2_ e vencer Bolsonaro _261004_221921.pdf,public/midia/GUIAS-MANUAIS/Como virar os 2_ e vencer Bolsonaro _261004_221921.pdf,.pdf,686342,,,12,563ebf3009bcff5d42bb08ba1672d4e769b1e635765a94f46fbe0b7b92f29f96,
estrategia-militancia-2turno.pdf,public/midia/GUIAS-MANUAIS/estrategia-militancia-2turno.pdf,.pdf,362464,,,9,299fd77ff833cc05e6126de2055881b1ff4bacd022eed0db17d93366f42d46af,
Quem compara escolhe Lula - Guia de bolso (1).pdf,public/midia/GUIAS-MANUAIS/Quem compara escolhe Lula - Guia de bolso (1).pdf,.pdf,1993369,,,27,f7e5b2bbb53052830317f06354a3de3f7696823487067ded83e4e491ea9189cd,
Quem compara escolhe Lula - Veja o que Lula fez.pdf,public/midia/GUIAS-MANUAIS/Quem compara escolhe Lula - Veja o que Lula fez.pdf,.pdf,8365304,,,124,f4503da9534661cde88a98f4f383515f419a76af98ce4cf84c67cf5fcec59c1c,
1 (1).jpg,public/midia/LAMBES-CARTAZES/1 (1).jpg,.jpg,504653,1080,1350,,7dc0578b58089319609d233b1c582beb59add24b70f0bcc1603a5259257f5cf3,Extensão .jpg não corresponde ao formato PNG
1 (2).jpg,public/midia/LAMBES-CARTAZES/1 (2).jpg,.jpg,230372,1414,2000,,dcd9443532b991f0e88cf7a1325862a6afa0e6232a1ecec25d65e79a55b921b9,
1(1).png,public/midia/LAMBES-CARTAZES/1(1).png,.png,1046560,1414,2000,,bfb7ec836180bdeafb72afaa5addd86f3123f2a8605c42148655f11dec16ea92,
1-@laragabos.pdf,public/midia/LAMBES-CARTAZES/1-@laragabos.pdf,.pdf,5046488,,,1,317e528d167306c656d613b31b7be2b9570f3c75d99aae409a08a93cb55aa52c,
1.jpg,public/midia/LAMBES-CARTAZES/1.jpg,.jpg,1046560,1414,2000,,bfb7ec836180bdeafb72afaa5addd86f3123f2a8605c42148655f11dec16ea92,Extensão .jpg não corresponde ao formato PNG
10-@laragabos.pdf,public/midia/LAMBES-CARTAZES/10-@laragabos.pdf,.pdf,6260060,,,1,e2a7811db864f95b17bacba8bc4ca825ab7602da4c09205d6da0afa9bd1e91ab,
11-@laragabos.pdf,public/midia/LAMBES-CARTAZES/11-@laragabos.pdf,.pdf,15774517,,,1,b888f3b5591010a211e0d013742a34f3ce1f694d3f32d7fec934e1d8599c3037,
12-@laragabos.pdf,public/midia/LAMBES-CARTAZES/12-@laragabos.pdf,.pdf,4908147,,,1,bde29c36cdf377995ac8790b533afa07ef8ce71e3549e59ea93bfe764a3b3903,
2 (1).jpg,public/midia/LAMBES-CARTAZES/2 (1).jpg,.jpg,604214,1080,1350,,00db87f76a589b8acbc6b73c63f7bbf702c97802674cac52fe2be370795c6034,Extensão .jpg não corresponde ao formato PNG
2 (2).jpg,public/midia/LAMBES-CARTAZES/2 (2).jpg,.jpg,118547,1414,2000,,c34582c9e1a46975535f8d646c77c3eca851403c66ab2922aa4508eb8ad401ed,
2-@laragabos.pdf,public/midia/LAMBES-CARTAZES/2-@laragabos.pdf,.pdf,4904603,,,1,ca5837c3d5d9180cc0da37a40a93644a0adbab627d6e3050d5023d5e92d468a9,
3 (1).jpg,public/midia/LAMBES-CARTAZES/3 (1).jpg,.jpg,686719,1080,1350,,77bcae133877b0f8b9aa5f2526ab0a015d44041112e94c8853eff3ea2713e28e,Extensão .jpg não corresponde ao formato PNG
3 (2).jpg,public/midia/LAMBES-CARTAZES/3 (2).jpg,.jpg,256850,1414,2000,,47a094e700c051839a69428a9fe767a804e11b7a5033c89ee987993781cb64f0,
3-@laragabos.pdf,public/midia/LAMBES-CARTAZES/3-@laragabos.pdf,.pdf,5227757,,,1,dcf08b4208365cac5f956b7e68dde8345f01ed0b281265a561b859b773326fe3,
4 (1).jpg,public/midia/LAMBES-CARTAZES/4 (1).jpg,.jpg,222178,1414,2000,,3d05b7a42246e0a3e6c381f1e1e732dcb61316c31074b5bc5b5191809de17dcd,
4-@laragabos.pdf,public/midia/LAMBES-CARTAZES/4-@laragabos.pdf,.pdf,5279518,,,1,357f0a906ae94c0ea9cbe49b566e591148f3c61fdc1e0f904cf8142e9513c4f4,
4.jpg,public/midia/LAMBES-CARTAZES/4.jpg,.jpg,1040513,1414,2000,,559492f9d8738e6229373380adf4ee3776080d89f54526bded7950099ba29d13,Extensão .jpg não corresponde ao formato PNG
4DB867D8-383F-4B39-B8AE-FA9DFF84754F.jpg,public/midia/LAMBES-CARTAZES/4DB867D8-383F-4B39-B8AE-FA9DFF84754F.jpg,.jpg,102743,904,1280,,9dd22fe67f33014a09fb7b6eec750febe5a82c24ec42a35c9a6820962f38a28c,
5 (1).jpg,public/midia/LAMBES-CARTAZES/5 (1).jpg,.jpg,165919,1414,2000,,2bf866f8b7d5455e87a4a4cbd405c91966064464811049c225050c409575fb5f,
5-@laragabos.pdf,public/midia/LAMBES-CARTAZES/5-@laragabos.pdf,.pdf,5568908,,,1,3d3b1198ed1b17462cedd0124c87e73dfc70881d0d8d6099523cfdf4df861e3b,
6 (1).jpg,public/midia/LAMBES-CARTAZES/6 (1).jpg,.jpg,181107,1414,2000,,b740cfd15e55fc5804d8795a25cc94d9dc7431b25e7c2d7fc7176310aa6206ce,
6-@laragabos.pdf,public/midia/LAMBES-CARTAZES/6-@laragabos.pdf,.pdf,5332383,,,1,3cb779f3c984b3d22bbae24a22732b6f97a2e4b96e739f773ce4692762e47d26,
7-@laragabos.pdf,public/midia/LAMBES-CARTAZES/7-@laragabos.pdf,.pdf,5008269,,,1,00aa9f59a133ae02258ec07d49000f2e858fda41c2b3dd22e26a9274c6574c83,
7.jpg,public/midia/LAMBES-CARTAZES/7.jpg,.jpg,162247,1414,2000,,f7f887e38234716b5efdb27f41596761eea6b084c943c3f2c8be3ffbef3cfcb6,
700 mil mortos nunca mais.jpg,public/midia/LAMBES-CARTAZES/700 mil mortos nunca mais.jpg,.jpg,330620,1080,1350,,310969fa35c36078b920f642e95bd2ad60b86fa95e94679f912688dbd67ba385,
7B5E9E96-3E20-4B96-BE55-E708BB93040A.jpg,public/midia/LAMBES-CARTAZES/7B5E9E96-3E20-4B96-BE55-E708BB93040A.jpg,.jpg,228896,1448,2048,,7483a1f5e806a44a755a6c9c9ca6909e141c1dc5647969c557bc99c8951ae962,
7cc224d6-bad2-4c69-bccf-76974aa64d13.jpg,public/midia/LAMBES-CARTAZES/7cc224d6-bad2-4c69-bccf-76974aa64d13.jpg,.jpg,306646,1131,1599,,6e3cff9a18cf1366b10832d632884031705c8820b6b9e49a8d1f0217db865197,
8-@laragabos.pdf,public/midia/LAMBES-CARTAZES/8-@laragabos.pdf,.pdf,4906107,,,1,ff43c3959e35299f19c3f1e81dbdc54e091503d0a4cc09613f7ae3fc06bfe3ac,
8.jpg,public/midia/LAMBES-CARTAZES/8.jpg,.jpg,119173,1414,2000,,ad44f9ac9ac1d8b772f317995282db1ae95e94453c9be121c9520004eca04292,
9-@laragabos.pdf,public/midia/LAMBES-CARTAZES/9-@laragabos.pdf,.pdf,4906487,,,1,5000d954692f04f187bc17de80b562ed1631d7947401ec3f03e35487ceee6b83,
9956E452-892E-4988-B154-1FC18D1AC0AA.jpg,public/midia/LAMBES-CARTAZES/9956E452-892E-4988-B154-1FC18D1AC0AA.jpg,.jpg,146401,1132,1600,,48c82a9f68058042b68b8668d2532b3bc97ad92aba9c29462f36fd7813e42565,
9D2EDA12-8AE4-42C5-B944-2868FACF2DE5.jpg,public/midia/LAMBES-CARTAZES/9D2EDA12-8AE4-42C5-B944-2868FACF2DE5.jpg,.jpg,99315,904,1280,,5a8decf0149b4f0702c03bf8a11484e7e0e443ca5a58e1f77d9a2c6ef341151b,
@laragabos (1).pdf,public/midia/LAMBES-CARTAZES/@laragabos (1).pdf,.pdf,3976420,,,1,1fd4ff7897686d6dbb41d6ae16f6deabeeac588459a6c97d4498439632504ca8,
@laragabos (10).pdf,public/midia/LAMBES-CARTAZES/@laragabos (10).pdf,.pdf,3647275,,,1,db2abad976fb1c4dbccca098f76eca64abbd576dab3575a06b30db8226e49238,
@laragabos (11).pdf,public/midia/LAMBES-CARTAZES/@laragabos (11).pdf,.pdf,3617388,,,1,be1c539a65c29aa386aa393e43c7a1b8c6f7f438cc594b48dc261545efc49d29,
@laragabos (2).pdf,public/midia/LAMBES-CARTAZES/@laragabos (2).pdf,.pdf,10194322,,,1,141df44c2a5980e3bce1242cd8bf4abb0149f0d2234986f7c75ef81f42c30d4b,
@laragabos (3).pdf,public/midia/LAMBES-CARTAZES/@laragabos (3).pdf,.pdf,5741631,,,1,96e1eaf381c1c2639ab91bcc005f41de7f205607ef5337f6a6d599de559311e4,
@laragabos (4).pdf,public/midia/LAMBES-CARTAZES/@laragabos (4).pdf,.pdf,3924924,,,1,22c3bccf5fdfce3d5937f39637d2e612c08373997d1c619023a70bd6a5c4ba58,
@laragabos (5).pdf,public/midia/LAMBES-CARTAZES/@laragabos (5).pdf,.pdf,3722139,,,1,a9d972cd55903805f2a15f57482a6c94148f9062b8dc10019d0754969fb77813,
@laragabos (6).pdf,public/midia/LAMBES-CARTAZES/@laragabos (6).pdf,.pdf,3897584,,,1,5ac2eaaa97691415150bfe509d00db8f8585f7d1ee0dc98e738d277413267f89,
@laragabos (7).pdf,public/midia/LAMBES-CARTAZES/@laragabos (7).pdf,.pdf,6385798,,,1,fb81e107eb67000071c2a3106ec130f979e81c1cf33ea76b32be99c74ca1f34a,
@laragabos (8).pdf,public/midia/LAMBES-CARTAZES/@laragabos (8).pdf,.pdf,16811026,,,1,4b6fff3507ad4d628c941134ce2999213bb86098941fb26fbd8c5e0900121ae9,
@laragabos (9).pdf,public/midia/LAMBES-CARTAZES/@laragabos (9).pdf,.pdf,3514068,,,1,3cec0dfb9c3cfd16480d277a01def4e6f3660c7a0eed74cefbd5df736eeae10b,
@PCBR Lorena flávio 6x1 - 2.png,public/midia/LAMBES-CARTAZES/@PCBR Lorena flávio 6x1 - 2.png,.png,571573,1414,2000,,e8bd2da985c5ce040adcc699f8f8a9db0b29183030e216f0d2e587d655f4c83f,
@PCBR_Lorena flávio 6x1 - 1.png,public/midia/LAMBES-CARTAZES/@PCBR_Lorena flávio 6x1 - 1.png,.png,567558,1414,2000,,58f62047df553d73c6d158a85d03356d7115e1061da0d4c5bff8dca1e6fd46ab,
@PCBR_Lorena flávio 6x1 - 3.png,public/midia/LAMBES-CARTAZES/@PCBR_Lorena flávio 6x1 - 3.png,.png,531998,1414,2000,,9425fafb445fdf759fe56828d40c45fb6197d1481ec066df878faeff55716c81,
@PCBR_Lorena flávio 6x1 - 4.png,public/midia/LAMBES-CARTAZES/@PCBR_Lorena flávio 6x1 - 4.png,.png,552268,1414,2000,,c1ac4ea1df2bbda6b3c0b40f51fab4034e43ba414e7e838b97aaf266faa7a2c4,
@PCBR_Lorena flávio aposentadoria - 1.png,public/midia/LAMBES-CARTAZES/@PCBR_Lorena flávio aposentadoria - 1.png,.png,506854,1414,2000,,a3dad5a590fa6fdff6482a5d29ebdc33b6170bbff233f8ae1efd873265c359ba,
@PCBR_Lorena flávio aposentadoria - 2.png,public/midia/LAMBES-CARTAZES/@PCBR_Lorena flávio aposentadoria - 2.png,.png,513792,1414,2000,,d3c5b7d08a181ddc13bdcb028f2047e97589d62ec6f078a34fb0a98ff08e9e0c,
@PCBR_Lorena flávio aposentadoria - 3.png,public/midia/LAMBES-CARTAZES/@PCBR_Lorena flávio aposentadoria - 3.png,.png,517362,1414,2000,,83f5fa896a1fffe1f208b8c8b7f0a3d785d27a9cd8a44bedf481ab1279ed9b1d,
@PCBR_Lorena flávio farmácia popular - 1.png,public/midia/LAMBES-CARTAZES/@PCBR_Lorena flávio farmácia popular - 1.png,.png,766946,1414,2000,,edb804d91ed14350bc23152be8858daf8a9261dd267948cbaca1ec81290c93ab,
@PCBR_Lorena flávio farmácia popular - 2.png,public/midia/LAMBES-CARTAZES/@PCBR_Lorena flávio farmácia popular - 2.png,.png,755514,1414,2000,,83e0b2e4b1c5a163a480f3d894744fa5881738c6da430508f4488e36a5da3b75,
@PCBR_Lorena flávio farmácia popular - 3.png,public/midia/LAMBES-CARTAZES/@PCBR_Lorena flávio farmácia popular - 3.png,.png,754862,1414,2000,,8f34dd7d9353906642d27bcbc928920b473e39c38637bb740a68e8f6072d2dac,
@virenaldin.pdf,public/midia/LAMBES-CARTAZES/@virenaldin.pdf,.pdf,393446,,,1,2c4862cca7dfcb3c3bf1457a057e18bb691c0a69ba55e8178d01e744063d955d,
AMARELO_FLAVIO QUER FIM DA 6X1.png.png,public/midia/LAMBES-CARTAZES/AMARELO_FLAVIO QUER FIM DA 6X1.png.png,.png,287172,1414,2000,,d1da097f3d01e7d9d7132a865278bb7f2162ba665d3518bcd73aff8ae2670df8,
antes tarde do que nunca.pdf,public/midia/LAMBES-CARTAZES/antes tarde do que nunca.pdf,.pdf,391413,,,1,fb99d15afcd8a6763927796705e12b282b39348f0bc3ee24f1f54a63f690b614,
Aposentadoria (QR Code).jpg,public/midia/LAMBES-CARTAZES/Aposentadoria (QR Code).jpg,.jpg,146401,1132,1600,,48c82a9f68058042b68b8668d2532b3bc97ad92aba9c29462f36fd7813e42565,
Aposentadoria 2 (QR Code).jpg,public/midia/LAMBES-CARTAZES/Aposentadoria 2 (QR Code).jpg,.jpg,213836,1448,2048,,d6465803abfac449a891ef594503f3ce650b1f02ae36ed10dff427514b37da74,
Aposentadoria 3 (QR Code).jpg,public/midia/LAMBES-CARTAZES/Aposentadoria 3 (QR Code).jpg,.jpg,99315,904,1280,,5a8decf0149b4f0702c03bf8a11484e7e0e443ca5a58e1f77d9a2c6ef341151b,
aposentadoria lambe a4.pdf,public/midia/LAMBES-CARTAZES/aposentadoria lambe a4.pdf,.pdf,1479198,,,1,9d6ba2cc7e4d5603591b2f0da3b80790c4e2309f1cd079409379627b95f2fd87,
AZUL_FLAVIO É CONTRA O FIM DA  6X1.png,public/midia/LAMBES-CARTAZES/AZUL_FLAVIO É CONTRA O FIM DA  6X1.png,.png,329092,1414,2000,,292405593bed44c6da79136a0f6d4ee458f93d007ad5406a7079083ca862512b,
BCD2910D-1E1B-40AF-9349-872B56EA4DE4.jpg,public/midia/LAMBES-CARTAZES/BCD2910D-1E1B-40AF-9349-872B56EA4DE4.jpg,.jpg,123815,904,1280,,4fda3b248d210bded5039c8f107503080bc7cf1e5d06cafd41aa1ac5d3697731,
BD33230C-4BE9-44B7-B86F-A5B35BC12E9B.jpg,public/midia/LAMBES-CARTAZES/BD33230C-4BE9-44B7-B86F-A5B35BC12E9B.jpg,.jpg,93883,904,1280,,70d9637ce99f193c064658c1179e662641e8cb39a852369a18111e1780583ad7,
BRANCO_FLAVIO QUER FIM DA 6X1.png,public/midia/LAMBES-CARTAZES/BRANCO_FLAVIO QUER FIM DA 6X1.png,.png,304282,1414,2000,,993a209e4c38211b217905ea7815e73a7cf5b903b356847121cc0d41f0a59c5e,
Brasilcoms.pdf,public/midia/LAMBES-CARTAZES/Brasilcoms.pdf,.pdf,425543,,,1,9c32d2205f8ac4de0a4e73eb9ab26765b9198193860c424f120555e2caff37da,
Cartaz Geração Coca-Cola_.jpg,public/midia/LAMBES-CARTAZES/Cartaz Geração Coca-Cola_.jpg,.jpg,141055,1131,1600,,9ac4d21e2c63cd0cf0134a9887998e28dbc57b6dd8f6c059bdcd7c40a2cdf8aa,
Cartaz Tio Sam.jpg,public/midia/LAMBES-CARTAZES/Cartaz Tio Sam.jpg,.jpg,161704,1131,1600,,bde476fa8e8e206424895a29fad56648807e6fddacf065fe735f58775a0769a3,
CARTAZES VIRA-VOTO (1).pdf,public/midia/LAMBES-CARTAZES/CARTAZES VIRA-VOTO (1).pdf,.pdf,12204331,,,1,a306f1e583f71be650d0e63d5dd698da3d02a045244b77076d2294a6b10d4290,
CARTAZES VIRA-VOTO (3).pdf,public/midia/LAMBES-CARTAZES/CARTAZES VIRA-VOTO (3).pdf,.pdf,6729938,,,1,43620a76e4dfd9491207e0fab32c223df35addaeaeb0af524f06152180b26805,
Cartilha Econômica de Milei (QR Code).jpg,public/midia/LAMBES-CARTAZES/Cartilha Econômica de Milei (QR Code).jpg,.jpg,102743,904,1280,,9dd22fe67f33014a09fb7b6eec750febe5a82c24ec42a35c9a6820962f38a28c,
Caso Ana Clara.jpg,public/midia/LAMBES-CARTAZES/Caso Ana Clara.jpg,.jpg,606875,1448,2048,,7622d263a6f87d3f77f25161f7182d7a940ed1db71fee1091eb4c7c375b61558,
Crise climática (Frente Cristã).jpg,public/midia/LAMBES-CARTAZES/Crise climática (Frente Cristã).jpg,.jpg,235659,1414,2000,,18515caf454dd9e8ebbb4e5ab618269ab9105f357f8cb86b4640d97893c70db9,
cwb-underground_lambe1_A3.pdf,public/midia/LAMBES-CARTAZES/cwb-underground_lambe1_A3.pdf,.pdf,1987130,,,1,786d9323b92d5490cf8470eacdea6e222207a5500fcd6d9b211acae794b9dfe7,
Cópia de @PCBR_Lorena flávio 6x1 - 1.png,public/midia/LAMBES-CARTAZES/Cópia de @PCBR_Lorena flávio 6x1 - 1.png,.png,567558,1414,2000,,58f62047df553d73c6d158a85d03356d7115e1061da0d4c5bff8dca1e6fd46ab,
Denúncia de Alfredo Gaspar (vice).jpg,public/midia/LAMBES-CARTAZES/Denúncia de Alfredo Gaspar (vice).jpg,.jpg,233573,928,1152,,6f2e51e3acda29696c49c7e22e01b30cee78ac9702a4258c8d874158044537b5,
Direitos trabalhistas (QR Code).jpg,public/midia/LAMBES-CARTAZES/Direitos trabalhistas (QR Code).jpg,.jpg,93883,904,1280,,70d9637ce99f193c064658c1179e662641e8cb39a852369a18111e1780583ad7,
Direitos trabalhistas 2 (QR Code).jpg,public/midia/LAMBES-CARTAZES/Direitos trabalhistas 2 (QR Code).jpg,.jpg,214122,1448,2048,,6d75f931362b6e1b36557ad8209e961ebeed0e8b2eb0eeef0fecd407566026e1,
DIREITOSDAMULHER.pdf,public/midia/LAMBES-CARTAZES/DIREITOSDAMULHER.pdf,.pdf,5817718,,,1,f48af24893d4e203e7ddcca00913f7e71e3895a91584c704bbb3c0541b561ab6,
Ditadura nunca mais.jpg,public/midia/LAMBES-CARTAZES/Ditadura nunca mais.jpg,.jpg,164497,1080,1350,,71ae47732467c6a1eb292bd7cddda5f8a8ca510ff9c66ee27e90bc81c6963c70,
ele também não.pdf,public/midia/LAMBES-CARTAZES/ele também não.pdf,.pdf,2361105,,,1,302a73c9d7c65443112fcf8460551cfa15951f4928aa0fc128d3193cd88b876d,
Escala 6x1 (QR Code).jpg,public/midia/LAMBES-CARTAZES/Escala 6x1 (QR Code).jpg,.jpg,228896,1448,2048,,7483a1f5e806a44a755a6c9c9ca6909e141c1dc5647969c557bc99c8951ae962,
Escola Pública (QR Code).jpg,public/midia/LAMBES-CARTAZES/Escola Pública (QR Code).jpg,.jpg,249095,1448,2048,,c9131930fec8ca85e7329dead362f21cd2991c545b8212a3e4a3da41d849e199,
Escola Pública 2 (QR Code).jpg,public/midia/LAMBES-CARTAZES/Escola Pública 2 (QR Code).jpg,.jpg,123815,904,1280,,4fda3b248d210bded5039c8f107503080bc7cf1e5d06cafd41aa1ac5d3697731,
FBXFARMACIAPOPULAR.png,public/midia/LAMBES-CARTAZES/FBXFARMACIAPOPULAR.png,.png,4480711,2480,3508,,9fe731491315fe2d1c83d5117265cccb57dfa730c82b9cdb41335cc668aa492e,
FBXLOAS.png,public/midia/LAMBES-CARTAZES/FBXLOAS.png,.png,3589134,2480,3508,,cb6b9bfa1a4492f00b3434161cb64d97af644306c3971a8764ce45f45055ef7b,
FBXPETROBRAS.png,public/midia/LAMBES-CARTAZES/FBXPETROBRAS.png,.png,4163143,2480,3508,,a3b13d05a7f3515216629fcfc50ca25bbb702d99d6fd5052cc85a393a8330711,
Fila do osso nunca mais.jpg,public/midia/LAMBES-CARTAZES/Fila do osso nunca mais.jpg,.jpg,182671,1080,1350,,41ba5d819b567193cd8733e5ab50f365c50038f19baf5bdace74839ffca967d6,
Fundo para Panfleto em branco divertido colorido 2.pdf,public/midia/LAMBES-CARTAZES/Fundo para Panfleto em branco divertido colorido 2.pdf,.pdf,16196,,,1,fe29aef540b7af3e26dd94b44aa93f65c3f071dfa1723ec1362cf55be4f0ff3e,
Fundo para Panfleto em branco divertido colorido 4.pdf,public/midia/LAMBES-CARTAZES/Fundo para Panfleto em branco divertido colorido 4.pdf,.pdf,22107,,,1,a2e521982cfb0ee24a562c984299bb6bde3ceceaa97154308462504363913f2f,
Fundo para Panfleto em branco divertido colorido 5.pdf,public/midia/LAMBES-CARTAZES/Fundo para Panfleto em branco divertido colorido 5.pdf,.pdf,16753,,,1,b9de56a4d2f0e9ea97cafed6e93420fe25bcf58289fe6c5f2e5d5380b89bfe00,
Fundo para Panfleto em branco divertido colorido 6.pdf,public/midia/LAMBES-CARTAZES/Fundo para Panfleto em branco divertido colorido 6.pdf,.pdf,17778,,,1,770cc2626973192b35c4505e82bda14dacd9fa1c5d7ed7c7b3ff628476731d3a,
Fundo para Panfleto em branco divertido colorido 7.pdf,public/midia/LAMBES-CARTAZES/Fundo para Panfleto em branco divertido colorido 7.pdf,.pdf,17565,,,1,d5f3fde87bf540f9973b00dbb8ba059c2703b4ffc00287530d5779e60f662f46,
Fundo para Panfleto em branco divertido colorido(1).pdf,public/midia/LAMBES-CARTAZES/Fundo para Panfleto em branco divertido colorido(1).pdf,.pdf,17254,,,1,c4541dfc10e178ce21d05007dcd308cc1bfcd9d6586b093303a272303cd3b07c,
Fundo para Panfleto em branco divertido colorido.pdf,public/midia/LAMBES-CARTAZES/Fundo para Panfleto em branco divertido colorido.pdf,.pdf,17254,,,1,c4541dfc10e178ce21d05007dcd308cc1bfcd9d6586b093303a272303cd3b07c,
HT5vagwXAAAJ4XQ.jpeg,public/midia/LAMBES-CARTAZES/HT5vagwXAAAJ4XQ.jpeg,.jpeg,137496,1080,1340,,3eb16ee4b6cb1ef86bfec221088ff3995b41e20e7b18da1d8245617e722f9210,
HT5vb-PWQAAjl5R.jpeg,public/midia/LAMBES-CARTAZES/HT5vb-PWQAAjl5R.jpeg,.jpeg,629929,1448,2048,,87ba1d01ddc157735999358e08614dfadcdc1ea1a4bbe0c689cc2debe3fcda2a,
IMG-20261007-WA0001(1).jpg,public/midia/LAMBES-CARTAZES/IMG-20261007-WA0001(1).jpg,.jpg,325208,905,1280,,e760a21ebdff3b4106bf9033af850842e0d7dc3754f6d34147e18cbb9579791d,
IMG_6286.JPG,public/midia/LAMBES-CARTAZES/IMG_6286.JPG,.jpg,484040,796,1194,,f4906e8db15ea96023900a69ce53143b218260f014f828bfb5a572f0f62ae1db,
lambe 6x1.pdf,public/midia/LAMBES-CARTAZES/lambe 6x1.pdf,.pdf,1479550,,,1,dd5d624ef79f697591385759bfac1845b022e64060841bffbc26125b0f49142e,
lambe assassino de criança.pdf,public/midia/LAMBES-CARTAZES/lambe assassino de criança.pdf,.pdf,1479237,,,1,e8a1f20cb9afb9a3d998f7b57689c2f5555508ecc9c245655a1a1b6331e9ff75,
lambe_A4.pdf,public/midia/LAMBES-CARTAZES/lambe_A4.pdf,.pdf,531574,,,1,aa194e3834919ce4bb061f4bafec1875fa034ef883ffbf1f57efa7be5dba2a51,
LambeMemes.pdf,public/midia/LAMBES-CARTAZES/LambeMemes.pdf,.pdf,797469,,,1,49fd5670f728849b999975dea4995defeb4a611f43e1612ab50e7e3c50b9874b,
Lula e Cury.jpg,public/midia/LAMBES-CARTAZES/Lula e Cury.jpg,.jpg,164050,1170,1578,,1b9420051482ceb7ec0408b680c502ab814707bc350f33dc2f0521d905838c17,
MAPA DA FOME NUNCA MAIS.jpeg,public/midia/LAMBES-CARTAZES/MAPA DA FOME NUNCA MAIS.jpeg,.jpeg,100582,1080,1350,,e6110c897e0649970c9a352fe776a576a149e53c8e8bbca7a1c849ca662a0a08,
Mapa da fome nunca mais.jpg,public/midia/LAMBES-CARTAZES/Mapa da fome nunca mais.jpg,.jpg,126397,1080,1350,,075f37c2cddc2493c7a6a2cfdaff230b9c62efd9bf86dabd337db9c088b4c5d7,
Nossa Senhora.jpg,public/midia/LAMBES-CARTAZES/Nossa Senhora.jpg,.jpg,153941,1179,1653,,61d7820e6d2463a5d117b796b0f6605a496bd87a676b2bd371d7d5e095a7c826,
não perca seus direitos.jpeg,public/midia/LAMBES-CARTAZES/não perca seus direitos.jpeg,.jpeg,967793,1240,1754,,522e7bb115b4db1cb44b937f329101820cdc51dbf2e118c354738df6e54273ba,
PRIVATIZAR O SUS.pdf,public/midia/LAMBES-CARTAZES/PRIVATIZAR O SUS.pdf,.pdf,194075,,,1,0de3e9bf4f44c1b98a07f74132f378bda0045683c753979981852108110a8aef,
rafa G. Cartaz A4 BRASIL FORA DO MAPA DA FOME COM LULA_20261006_225606_0000.pdf,public/midia/LAMBES-CARTAZES/rafa G. Cartaz A4 BRASIL FORA DO MAPA DA FOME COM LULA_20261006_225606_0000.pdf,.pdf,2731566,,,1,87f5794defb6e559180c4f6874e22753cdf54c8d04d5406135d397ebf6823823,
renanlula.png,public/midia/LAMBES-CARTAZES/renanlula.png,.png,4000437,2000,1414,,b63d7d3e0595fb784ba7f0b095fd9b6d79458dd27f0170e15da91a9d8519a925,
renanlula2.png,public/midia/LAMBES-CARTAZES/renanlula2.png,.png,1752657,2000,1414,,d3a6731e6597a7ab41eef541e5c1ef08909e5ae140008d0258c12086237d5fc9,
sati-01@sawtsi.png,public/midia/LAMBES-CARTAZES/sati-01@sawtsi.png,.png,9235065,2480,3508,,7bf2fcd8824b5f2b97bc3538ae8e6d48a7a687ce6795fa3e5c7ca678349e63ce,
sati-02@sawtsi.png,public/midia/LAMBES-CARTAZES/sati-02@sawtsi.png,.png,7235198,2480,3508,,74881389a57ed46b6f5a1793f0ea4d7ae7bd8607d8bc41f1c9960441897d9b05,
sati-03@sawtsi.png,public/midia/LAMBES-CARTAZES/sati-03@sawtsi.png,.png,1135894,2480,3508,,ab290d0614973410b34e87652463f99a5e82f66dba5414f0c76a9e5395654614,
"Se anda como um porco e fala como um porco, é um porco..jpeg","public/midia/LAMBES-CARTAZES/Se anda como um porco e fala como um porco, é um porco..jpeg",.jpeg,341306,1080,1350,,dc5922dfa25bb9181afbdb4808a3c694b9092b6d60910bc0fd2305a5d88390a6,
"SEJA MARIGHELLA, PELO TRABALHADOR_20261007_230823_0000.pdf","public/midia/LAMBES-CARTAZES/SEJA MARIGHELLA, PELO TRABALHADOR_20261007_230823_0000.pdf",.pdf,95224,,,1,cd35ff2d757bca9dc76b27725ccdef8e56dc08a2940d3f80f103bcb19681a28a,
temp_image_0AFDDF99-F805-4A2C-92BD-5DD0C2E43378.webp,public/midia/LAMBES-CARTAZES/temp_image_0AFDDF99-F805-4A2C-92BD-5DD0C2E43378.webp,.webp,235308,1080,1350,,a8b617fa07ddb1cafdc520dafeb10f2566358cbbf5a65a45339d77f2bd0a13f3,
temp_image_11FBAB07-2DEB-46D5-94C6-FFBDB8D3B44A.webp,public/midia/LAMBES-CARTAZES/temp_image_11FBAB07-2DEB-46D5-94C6-FFBDB8D3B44A.webp,.webp,167004,1080,1350,,d40e53677a6d62eb7455b095ee4ab22d52cd6f041d77e02aa76d3792e390e950,
temp_image_1BBE12F6-A01F-4A0D-90F2-D2131EA14879.webp,public/midia/LAMBES-CARTAZES/temp_image_1BBE12F6-A01F-4A0D-90F2-D2131EA14879.webp,.webp,366524,1080,1350,,950c83bbfcef59d3886ff27a21ca0a65e4bf62e3a92de4fbc7245fd4b2a66008,
temp_image_4B7A7726-F411-4F82-94B7-B48C6D1DC08B.webp,public/midia/LAMBES-CARTAZES/temp_image_4B7A7726-F411-4F82-94B7-B48C6D1DC08B.webp,.webp,205966,1080,1350,,9e05735ddeccd9644b72be01d93aa123f53134f3a240d8f0ebdeed5ae6ef6290,
temp_image_4D0FA67B-46AA-4161-BE9A-E657ECAC5513.webp,public/midia/LAMBES-CARTAZES/temp_image_4D0FA67B-46AA-4161-BE9A-E657ECAC5513.webp,.webp,161136,1080,1350,,9680dd48c6dd46e3450a79b5f3c6fb7f76f1919ecaec8a52177e10b9b6c859d4,
temp_image_DABD33CE-8932-48D7-92C9-BACFD9CB0662.webp,public/midia/LAMBES-CARTAZES/temp_image_DABD33CE-8932-48D7-92C9-BACFD9CB0662.webp,.webp,176978,1080,1350,,37050ab36bb78bdfe2a5632a04649e693054acb41f7c04e70c6cdf0635e3d070,
temp_image_E4C48A33-850B-4851-A935-801945DBC14D.webp,public/midia/LAMBES-CARTAZES/temp_image_E4C48A33-850B-4851-A935-801945DBC14D.webp,.webp,129452,1080,1350,,0757ac99610b206cda6f38cf891f76df86ff993c9609cbc8c82365c7f91847ac,
voce corre risco.png,public/midia/LAMBES-CARTAZES/voce corre risco.png,.png,705514,2160,2880,,8f66f343ca55bc58c15f037cce7adad30ab23e55288bc1fbab13f1d8a0dd4142,
vote 13.jpeg,public/midia/LAMBES-CARTAZES/vote 13.jpeg,.jpeg,1453627,2480,3508,,147fb4702e955f5cecb86b9377f2814b0be87662bcf2a03097999c591f99155a,
VOTE EM QUEM RESPEITA A MÃE DE DEUS - Panfleto (A4).pdf,public/midia/LAMBES-CARTAZES/VOTE EM QUEM RESPEITA A MÃE DE DEUS - Panfleto (A4).pdf,.pdf,77310,,,1,44000a6cc238962b66307c16d121c78e3a51dd077d2e87d0a364bc117a386f78,
vote pela educação .jpeg,public/midia/LAMBES-CARTAZES/vote pela educação .jpeg,.jpeg,2912118,2480,3508,,85728d130618df94040e0dbd27f19a952b1cf3a44ec358d8ff24875571bb6603,
voto.nulo-marilu.pdf,public/midia/LAMBES-CARTAZES/voto.nulo-marilu.pdf,.pdf,1396275,,,1,057d982dbef25d39835329b57d5fd6f7fee3e7b468cbaa410d6c057e0788ed1a,
WhatsApp Image 2026-10-05 at 23.39.38-2.jpeg,public/midia/LAMBES-CARTAZES/WhatsApp Image 2026-10-05 at 23.39.38-2.jpeg,.jpeg,245434,1080,1350,,0b8c5da71623ec9bfe7ee6edbc103c4236d2d234dc294411d0d3142f87667ea7,
WhatsApp Image 2026-10-05 at 23.39.38-3.jpeg,public/midia/LAMBES-CARTAZES/WhatsApp Image 2026-10-05 at 23.39.38-3.jpeg,.jpeg,127559,1080,1350,,7d2be5d38af51fa7df32adda2d772285607a3aa0fd7e1e270c69e812fdab45c4,
WhatsApp Image 2026-10-05 at 23.39.38.jpeg,public/midia/LAMBES-CARTAZES/WhatsApp Image 2026-10-05 at 23.39.38.jpeg,.jpeg,139735,1080,1350,,c255e140c03168d0cc522d707951f36c405f84fb007d14c94586a8ee40004636,
WhatsApp Image 2026-10-06 at 07.45.01-2.jpeg,public/midia/LAMBES-CARTAZES/WhatsApp Image 2026-10-06 at 07.45.01-2.jpeg,.jpeg,460385,1130,1600,,25528b2e170138ca9603b6fed00bf1551ce6bf1f9c0bbfc87793aa3d27eb408e,
WhatsApp Image 2026-10-06 at 07.45.01.jpeg,public/midia/LAMBES-CARTAZES/WhatsApp Image 2026-10-06 at 07.45.01.jpeg,.jpeg,557314,1130,1600,,647751f837e5a25b30795f428739dee528641936935530f48f4598aaccc11819,
WhatsApp Image 2026-10-06 at 09.52.10.jpeg,public/midia/LAMBES-CARTAZES/WhatsApp Image 2026-10-06 at 09.52.10.jpeg,.jpeg,135152,1131,1600,,162abe2c7503d6d035bf79175f08f7dbab873b1a883d7e56d246fa4b8fa64e5b,
035CB6A3-E052-4519-A70B-B636E6245AA7.jpg,public/midia/WEB/035CB6A3-E052-4519-A70B-B636E6245AA7.jpg,.jpg,320345,1024,1536,,0119914f53e7d994c7fd1c105d94b47dd7fa5df7bef9877434a769a3bb1b5797,
24AA4185-E19B-479E-BFC2-4339EBF66488.jpg,public/midia/WEB/24AA4185-E19B-479E-BFC2-4339EBF66488.jpg,.jpg,449533,1122,1402,,4138e0b91ef51892b12b4e3c6cd7fb3ea7ce8b199d5d754bc6e942995ea2c186,
30347BA2-10FA-46B6-9236-47FE3D43EDF5.jpg,public/midia/WEB/30347BA2-10FA-46B6-9236-47FE3D43EDF5.jpg,.jpg,351383,1024,1536,,cbed6877a6f1f2c7b48947647fd4d9380c22361be0ab3fa3f38fe1ef71d12e48,
4320DFC5-E306-456C-BD34-77E48F39741A.jpg,public/midia/WEB/4320DFC5-E306-456C-BD34-77E48F39741A.jpg,.jpg,335188,1024,1536,,c30bf4742fc16b0b3d302a49bef5c3d05756da19f5b9e2c98b92c2981e15f28e,
439A9E9A-C42B-4538-A5C8-C7D08A7700C3.jpg,public/midia/WEB/439A9E9A-C42B-4538-A5C8-C7D08A7700C3.jpg,.jpg,431686,1495,2048,,ed781a6142775ef33d2053c60b5f719437586ce6ba73897f28ec0768108e2199,
4B8EDCA4-886C-4D25-837C-1671738F816B.jpg,public/midia/WEB/4B8EDCA4-886C-4D25-837C-1671738F816B.jpg,.jpg,606875,1448,2048,,7622d263a6f87d3f77f25161f7182d7a940ed1db71fee1091eb4c7c375b61558,
59A107D5-28A3-4886-89D4-2FBCE22E6F88.jpg,public/midia/WEB/59A107D5-28A3-4886-89D4-2FBCE22E6F88.jpg,.jpg,383459,1024,1536,,f088e363eb46d7d82f0e7376c3c9fec832b353e84624f6fca13785c7c3e4d194,
5e79d30a-e24b-45e9-a44c-ff4b294747f0.jpg,public/midia/WEB/5e79d30a-e24b-45e9-a44c-ff4b294747f0.jpg,.jpg,409775,1024,1536,,f59f74de702b835b4cde7cb023f71c78b9d4e6236925439e3b3f895c669fe829,
6A510DA8-CE34-4F0A-B659-69809DF03884.jpg,public/midia/WEB/6A510DA8-CE34-4F0A-B659-69809DF03884.jpg,.jpg,548957,1024,1536,,87cac6c7d0d05289fed3132bcad5bb28eaba2216a806b1524a750a979c8c4098,
6X1.png,public/midia/WEB/6X1.png,.png,2872745,1024,1536,,307d3e94a29db60be08a196501ea1481bb7b5610f8a2c38656b5dd95bf1efc71,
700 MIL MORTES.jpeg,public/midia/WEB/700 MIL MORTES.jpeg,.jpeg,3635849,1856,2304,,8132a3f6346a8933cae2d8ae77e8bfe7e12866c8d253b343259c8203d90b1dac,
7C950B3D-F3B7-4D1F-AEBC-65D5B4B7DBD3.jpg,public/midia/WEB/7C950B3D-F3B7-4D1F-AEBC-65D5B4B7DBD3.jpg,.jpg,233573,928,1152,,6f2e51e3acda29696c49c7e22e01b30cee78ac9702a4258c8d874158044537b5,
8094838-a-garota-levantou-sua-mao-para-parar-defender-se-com-sua-mao-fim-da-violencia-contra-mulheres-campanha-contra-estupro-e-trafico-humano-reivindicacao-mulheres-direitos-e-liberdades-foto.png,public/midia/WEB/8094838-a-garota-levantou-sua-mao-para-parar-defender-se-com-sua-mao-fim-da-violencia-contra-mulheres-campanha-contra-estupro-e-trafico-humano-reivindicacao-mulheres-direitos-e-liberdades-foto.png,.png,1141586,1587,2245,,28f96cf8d12ce4d4213dd0c9970850284d061a82e5bc8a7809a7d6131eb3d7d1,
@itsdourado_BORA LULA-01.png,public/midia/WEB/@itsdourado_BORA LULA-01.png,.png,27091016,4500,5625,,67a31357c5a199972e80fa22212c8eab9115951b9b056e27f67c3461e3bc70b2,Arquivo acima de 25 MiB; conferir adequação para uso futuro
@itsdourado_BORA LULA-02.png,public/midia/WEB/@itsdourado_BORA LULA-02.png,.png,16293961,4500,5625,,a993481e41a47105e7ae89e56b5c597125083cf3f4fb1254639fb3f90d35878a,
@pedrocoelhope.jpg,public/midia/WEB/@pedrocoelhope.jpg,.jpg,109486,1080,1440,,b1a91dfa7224d8fbe88d359afa95ce845e62209a69904b2f4982e17250cb3185,
A2960626-5446-4DE3-B827-86C4FD02B671.jpg,public/midia/WEB/A2960626-5446-4DE3-B827-86C4FD02B671.jpg,.jpg,336776,1024,1536,,a93ca515ef86df9b1db67f04ff09b79e06390063b9076ad4ea557360f815775b,
Alerta Divino Contra Falsos Messias.png,public/midia/WEB/Alerta Divino Contra Falsos Messias.png,.png,2737031,1039,1514,,4402372e951ece9f75402f37dffae0e5ae0a48ae514903f24348f67ceb4938e3,
Aposentadoria (Frente Cristã).jpg,public/midia/WEB/Aposentadoria (Frente Cristã).jpg,.jpg,261495,1414,2000,,422cd7e2bdb222525730cda2e1d98acad18e5c3e128abd4f501714f6e3ec1b89,
APOSENTADORIA.jpeg,public/midia/WEB/APOSENTADORIA.jpeg,.jpeg,2753153,1792,2400,,3298fdf329f8fa21f3ad4c283841f3f4211878d143be4d696d00a36a24bcf382,
BEC9B811-A729-4E4F-BEB1-F1C4CBFCE1DB.jpg,public/midia/WEB/BEC9B811-A729-4E4F-BEB1-F1C4CBFCE1DB.jpg,.jpg,442697,1024,1536,,a0dd1be3b516a5a9a5bd63aeef1d20a748253c8c858de6cf79fc7ff497580fb0,
Bolsonarismo vai acabar com a direita.png,public/midia/WEB/Bolsonarismo vai acabar com a direita.png,.png,3598309,1024,1536,,4ebc2a97186a24d8a1b776907280185bc92fc27f8d81dbd39b3ae198eba8e3bf,
Brazilian Welfare Cuts Protest Poster.png,public/midia/WEB/Brazilian Welfare Cuts Protest Poster.png,.png,3498759,1024,1536,,e23248fbabc104e2bf9e0b4607e0b45fc3ec00f09fba77cd20c9c144a39d2582,
Cartaz renovação.png,public/midia/WEB/Cartaz renovação.png,.png,2872902,1024,1536,,79c6495bc9669172f5ff188ea7ed90f9b58b3f537a19e3324f3cff56d82cb86c,
Cartaz triplo.png,public/midia/WEB/Cartaz triplo.png,.png,2749778,1024,1536,,5b65bb8cfe7a0f3bcd288f39d8f43004faba864b5a67aa3b289598f6c54d1ab3,
CATÓLICOS COM LULA VERTICAL.jpeg,public/midia/WEB/CATÓLICOS COM LULA VERTICAL.jpeg,.jpeg,3626908,1856,2304,,57b921ae76efa74ea7309a6a7e3ed6be96a70690e24a9fd79188f9115e525d99,
CATÓLICOS COM LULA.jpeg,public/midia/WEB/CATÓLICOS COM LULA.jpeg,.jpeg,3530693,2752,1536,,064a940e3fc945ff89441e0d9c652643e5f8eef23f58e065e9dbbbd068a6334c,
Ciclo do Bolsonarismo.png,public/midia/WEB/Ciclo do Bolsonarismo.png,.png,3226100,1024,1536,,9bbbca251f1d93fd97c8e9246ad1d0355d508b7969a95a2b3813d36455c62dfc,
Cuidado com aqueles que falam em nome de DEUS.png,public/midia/WEB/Cuidado com aqueles que falam em nome de DEUS.png,.png,1705926,1587,2245,,828b1eb9ce891d2e3d3a5c10f4b5e045769c8acbb2f066d04428325b77594289,
curylula.png,public/midia/WEB/curylula.png,.png,1862847,2000,1414,,e9c686abfba9cd807b7080b8d8f6ccb0d460aef80019233302fdf08da81b07cd,
curylyla2.png,public/midia/WEB/curylyla2.png,.png,1506690,2000,1414,,ad18ece426293ce53ddfcbfa875143c1abc080f5efca8a21f782681faaa45da6,
"Deus, pátria e orgias.png","public/midia/WEB/Deus, pátria e orgias.png",.png,2529693,1414,2000,,b8f850cff7bba5a7eb51d05e44fc918f628b2a7d44e40add7f1609653f2dfa69,
Direita refém do bolsonarismo.png,public/midia/WEB/Direita refém do bolsonarismo.png,.png,3467771,1024,1536,,47f4f40e6939fdef1ba3ef3745534aab29ace1bdb746e3c89eaaf73e436f8b94,
E273EA1B-84AF-41CA-9154-E5F81D626AAA.jpg,public/midia/WEB/E273EA1B-84AF-41CA-9154-E5F81D626AAA.jpg,.jpg,489422,1024,1536,,ec0038343bb8ed4c66bda980d6a4b62756715c0a958f70f4f62a9a145da13b8a,
EFABD96A-C064-4E9A-99FA-4004D7774528.jpg,public/midia/WEB/EFABD96A-C064-4E9A-99FA-4004D7774528.jpg,.jpg,376514,1024,1536,,92914ca902b1086b3f0c46c447a28de625d90d072e365da677790812ee8680e8,
ESCOLAS PÚBLICAS.jpeg,public/midia/WEB/ESCOLAS PÚBLICAS.jpeg,.jpeg,3770792,1696,2528,,008cda6df2ae5caa39de906fd828b2ad228d5b05cfcc67edda438e4f9fed9d8f,
FARMACIA POPULAR.png,public/midia/WEB/FARMACIA POPULAR.png,.png,3151652,1024,1536,,e79d4afc4b8d3914d97ded21f434dc2efbf752b55ec2b36f9be73d72c7419521,
FÉRIAS E DÉCIMO TERCEIRO.jpeg,public/midia/WEB/FÉRIAS E DÉCIMO TERCEIRO.jpeg,.jpeg,3852421,1696,2528,,bebc24cf78eaae95953f48e4bebac28c4af1bf64fe4ad29a7a2e81a5941bb0f5,
Fila de Ossos.jpg,public/midia/WEB/Fila de Ossos.jpg,.jpg,143597,1131,1600,,b34d70e66199b58438479077c03491701061114b1b8ccdbfa5861ccfe1401aa4,
fim da farmácia popular.jpg,public/midia/WEB/fim da farmácia popular.jpg,.jpg,332904,954,1414,,1695f7714e7c7f1766e6dd101f64d89259ac5e5de3963b906e58c5e7a3a56d12,
FLÁVIO BOLSONARO RECEBEU R$ 134 MILHÕES DE VORCARO_20261006_125520_0000.png,public/midia/WEB/FLÁVIO BOLSONARO RECEBEU R$ 134 MILHÕES DE VORCARO_20261006_125520_0000.png,.png,355382,1080,1350,,6163e4c354253089832af6f5d498c5cffd69c66372307a8c44970d3fa1abfc39,
Fogo.png,public/midia/WEB/Fogo.png,.png,728109,1587,2245,,98dec733c26504284fda1a587e4ad8dc53a02386f647a0728207631c03761193,
GASOLINA.png,public/midia/WEB/GASOLINA.png,.png,3126039,1024,1536,,7f24bec417d396e3489f832a1f06ccfae1684b8473f1a3271a26f6dcb35fa266,
HT8jMcIWMAAoIqj.jpg,public/midia/WEB/HT8jMcIWMAAoIqj.jpg,.jpg,208554,896,1200,,762aeacb8239b4123fdc4a9f2cb42888beb4b12f7787c044955bfc2411ac0a57,
HT8N8J6WEAEidgi.jpeg,public/midia/WEB/HT8N8J6WEAEidgi.jpeg,.jpeg,253860,848,1264,,bc9918f6b0c50aa6ec5359657824fe9fc9cedb14d10757830b8f682d8c870788,
HT8qhjWWoAAeXca.jpeg,public/midia/WEB/HT8qhjWWoAAeXca.jpeg,.jpeg,311504,1024,1536,,035869b8fe3cea63a97268b6b26fa540846c9f1865d83ca7756565c333e887db,
HT8qhjYWAAA9Wk3.jpeg,public/midia/WEB/HT8qhjYWAAA9Wk3.jpeg,.jpeg,321079,1024,1536,,5d61be913135b35a34767b0ea681ce6d8ffe9c8a3ff5a424f248aa843da7f8b2,
HT8R4LcWoAEG-MO.jpeg,public/midia/WEB/HT8R4LcWoAEG-MO.jpeg,.jpeg,211442,848,1264,,3beea5505be548620775228064279aa975b44b4903e7f17abe314ef6b4959543,
HT8R4LeXIAIvXWR.jpeg,public/midia/WEB/HT8R4LeXIAIvXWR.jpeg,.jpeg,244571,848,1264,,9b9b2ca73ff5c4683cd61c4beaef551cb52e63a9040717575d00f90435b00ad0,
HT8S3_LXoAEdJSW.jpeg,public/midia/WEB/HT8S3_LXoAEdJSW.jpeg,.jpeg,358354,1254,1254,,c4220b1b2099b7470efdab076e01a37712c3f4a47bbdc6316504c7ac13aecec9,
HT8tMdbWkAEx73P.jpeg,public/midia/WEB/HT8tMdbWkAEx73P.jpeg,.jpeg,309739,1024,1536,,9252a5fe56753a31124be9d04c0e8dfd7fd6b2d1369c2ce55a03514307fbe060,
HT9bcn8WoAA7sti.jpeg,public/midia/WEB/HT9bcn8WoAA7sti.jpeg,.jpeg,354835,941,1672,,23866235bc204d47f4ee21a50f89b4f4fdedc7c977cfc978d7b1a5d338f92cc9,
HT9KsAsXAAE0U8Z.jpeg,public/midia/WEB/HT9KsAsXAAE0U8Z.jpeg,.jpeg,402203,1024,1536,,2265886fd6054364895fdf526bb291ad658b7f750155f884d7f90a49ee359be4,
HT9rKyqXIAAN1m1.jpeg,public/midia/WEB/HT9rKyqXIAAN1m1.jpeg,.jpeg,402674,1061,1391,,f1951fb13488f643bd859e98c4cb1ad0d4a0d9b89e00dc824c845bbf2ad8f2ff,
HT9rKyqXQAAyfyY.jpeg,public/midia/WEB/HT9rKyqXQAAyfyY.jpeg,.jpeg,260457,894,1600,,24fec9739259c4943e4f284e65d9995c80f1a328c8826fd92a6bcf910c19c41e,
HT9YloQXYAEYAfA.jpeg,public/midia/WEB/HT9YloQXYAEYAfA.jpeg,.jpeg,261337,848,1264,,7daff83c13398ab920f6fabfc40a0a4e43cfe3d7c5fe6107631f3a6627925e20,
HT9YmB_W4AA-2P0.jpeg,public/midia/WEB/HT9YmB_W4AA-2P0.jpeg,.jpeg,486631,1024,1536,,5a96aaed5d9d6cce26d659a27a394948b022d97c8476c3fc91a1f98ddabad8f6,
HT9Yme0X0AEBqsW.jpeg,public/midia/WEB/HT9Yme0X0AEBqsW.jpeg,.jpeg,263389,848,1264,,f04f43032cfaa2eebc604e6c60ef83bd5afeae38ed7cd476910f3cd6960b8e86,
IMG-20261006-WA0064(1).jpg,public/midia/WEB/IMG-20261006-WA0064(1).jpg,.jpg,254519,1236,1600,,1e1a4e51db46381853ff9030face9f8ac823b1a9d272e63eba43c963bd6045f1,
IMG-20261006-WA0083.jpg,public/midia/WEB/IMG-20261006-WA0083.jpg,.jpg,146727,1132,1600,,826a698920cb20406841a4ad770fb455dacfaa678d87920602c42d315a5879e8,
IMG-20261007-WA0002.jpg,public/midia/WEB/IMG-20261007-WA0002.jpg,.jpg,182529,1131,1600,,d9657112b74f5372a42c20c5b91961a65bcf0fcb2ab6c92b53dca75baa79f0c4,
IMG_6280.JPG,public/midia/WEB/IMG_6280.JPG,.jpg,390355,892,1194,,577f1f940945ab426ef32c3cce8fa16becee62ba1849a166ab5c91c98234964c,
IMG_6287.JPG,public/midia/WEB/IMG_6287.JPG,.jpg,327110,959,1151,,81a37b0b7b25d6ba9722f778dbe3c5c55fb472a03a2db17df94488d93ed821da,
IMG_6297.JPG,public/midia/WEB/IMG_6297.JPG,.jpg,73976,568,709,,f3fe30fc59d0e04e2df83e35ed56baefc5d3c2e16c535b39d564478cd5add8f6,
IMG_6298.JPG,public/midia/WEB/IMG_6298.JPG,.jpg,165677,568,710,,3d15f6d53e904ae8ba422f25eed8a5de54b36473e8bb810fe504170f0a098a37,
IMG_6305.PNG,public/midia/WEB/IMG_6305.PNG,.png,487059,1166,1320,,87c5b09441ad9c96fb48754596da69f53240e5125cae33401ac07458b88b226c,Extensão .png não corresponde ao formato JPEG
IMG_6306.PNG,public/midia/WEB/IMG_6306.PNG,.png,479591,1170,1323,,8cf0d1eb1a053f79b9b78e83a678b7ea03a36502f227dd8878ce5451bea79b1b,Extensão .png não corresponde ao formato JPEG
IMG_6307.PNG,public/midia/WEB/IMG_6307.PNG,.png,508193,1169,1301,,620f578010c24801bdf9021b5c51f46eb8882e255a2f6ea535c413680835b3d9,Extensão .png não corresponde ao formato JPEG
IMG_6308.PNG,public/midia/WEB/IMG_6308.PNG,.png,507937,1170,1307,,1a47739bfe2cfaf93b324fda021c8e5cc18e9614ddffb2c2aaac86ca949d82ac,Extensão .png não corresponde ao formato JPEG
IMG_6310.JPG,public/midia/WEB/IMG_6310.JPG,.jpg,404018,796,1194,,6e594073245c2aca6e62cb9e30879fe64f722f192918bd97078957ddaca981c7,
IMG_6313.JPG,public/midia/WEB/IMG_6313.JPG,.jpg,346692,796,1194,,79ab407dcc8fb2fbdfaa3adbefbc38a25c93c61bf93b18ce64fff8d847e2e66a,
INSS.png,public/midia/WEB/INSS.png,.png,2915993,1024,1536,,eaf492ff21cf3bef4e98310b20f4faebf96afc36eb18a92a92632efe3da72a36,
Jesus protege Brasil do Bolsonaro 01.png,public/midia/WEB/Jesus protege Brasil do Bolsonaro 01.png,.png,2597354,1122,1402,,0839eaccad2b284bb73c2a27a48aeaff2db2012cbe08b2b2be712edd1b5e1599,
Jesus protege Brasil do Bolsonaro 02.png,public/midia/WEB/Jesus protege Brasil do Bolsonaro 02.png,.png,2724790,1122,1402,,0907bb9e361e1413f5e94f3ab624462ac5c1f3881dc7ac499d3e1d6909041e44,
Jesus protege Brasil do Bolsonaro 03.png,public/midia/WEB/Jesus protege Brasil do Bolsonaro 03.png,.png,2616644,1122,1402,,625da9906607abd27e11081d3d5e005c4241a0a1f2a30b8545d789f962f4ee42,
Jesus protege Brasil do Bolsonaro 04.png,public/midia/WEB/Jesus protege Brasil do Bolsonaro 04.png,.png,2574759,1122,1402,,6b7d144c3342378e69faa1c2c5b3127226d60138698ebea2c74a67b60efda8f7,
Jesus protege Brasil do Bolsonaro 05.png,public/midia/WEB/Jesus protege Brasil do Bolsonaro 05.png,.png,2680498,1122,1402,,32cfc495ebda2d8d3a6c51b3114be541a7c1893b620536f2f0fe2eaa17a2e1c0,
Jesus X Bolsonaro 02.png,public/midia/WEB/Jesus X Bolsonaro 02.png,.png,3366368,1024,1536,,db15d8d5f049b6adf5342a55bf5f3f04a1faca36e3a712d5030df5129c7a099e,
Jesus X Bolsonaro.png,public/midia/WEB/Jesus X Bolsonaro.png,.png,2839554,1024,1536,,38f2a14128a8a294e3609d0fd6800e8b0da4cdd1403d5d7e865ee941db681760,
justiçaanaclara.png,public/midia/WEB/justiçaanaclara.png,.png,2336839,2000,1414,,8f9b97932b963ec52d987462c55700f90e065fac17e8021f8768bc2e0d04eb06,
lAMB1.png,public/midia/WEB/lAMB1.png,.png,10360002,2765,3456,,a93cf37bf8526bb8320355bd60f424cca7e816dd74e9d802effd609306f43e30,
lAMB2.png,public/midia/WEB/lAMB2.png,.png,9583843,3063,3828,,702a89809e0eafaadfed47511189d59d177e7d65b62a89275787eba92b869602,
LOAS.png,public/midia/WEB/LOAS.png,.png,2934492,1024,1536,,a7fe3e0bd97632041dd00be9cc567e1699984104dfbe9d069ad4cdb0cc53c1e2,
Lula e Direita 01.png,public/midia/WEB/Lula e Direita 01.png,.png,2918801,1024,1536,,038ce3982b72bef17864870db92dc91667bb4176f3d35313c7661a0634f639a4,
Lula e Direita 02.png,public/midia/WEB/Lula e Direita 02.png,.png,2375933,1024,1536,,231258dfe7ea062da07e987f79576ace9ad607ad2f94f1a7abc7086fef53f2fc,
Lula e Direita 03.png,public/midia/WEB/Lula e Direita 03.png,.png,2286542,1054,1492,,b7d834723e995e36495a40f2a1ecc4ccc5fd2a4c77e3b52eb72ad711f6312b77,
"Mesma frase, monstros diferentes..png","public/midia/WEB/Mesma frase, monstros diferentes..png",.png,2622432,1587,2245,,5e43b9af7dfe4e97d0d84b7710c3eb1970e45b0c1425519e732212accca2e6d0,
no silêncio da urna.png,public/midia/WEB/no silêncio da urna.png,.png,545330,1414,2000,,0d498cb5276f2494cf1e0d6df4cf751d7d3870f95f565b549bf42125b15ff771,
Nossa Senhora_.jpg,public/midia/WEB/Nossa Senhora_.jpg,.jpg,153941,1179,1653,,61d7820e6d2463a5d117b796b0f6605a496bd87a676b2bd371d7d5e095a7c826,
Picsart_26-10-05_16-51-01-440.jpg,public/midia/WEB/Picsart_26-10-05_16-51-01-440.jpg,.jpg,1937289,2828,2828,,9c250d624738bca51fc6ffc54ffd3d25a57f46172612de3473d0f372e833b534,
PIX.jpeg,public/midia/WEB/PIX.jpeg,.jpeg,3448288,1856,2304,,9d5db379f0444454b9ed7e0f08ff9316d8fadcc62dc67381a6884e4b50ec5620,
PODRE 1 (1).png,public/midia/WEB/PODRE 1 (1).png,.png,2565187,2480,3508,,c82b33a6d2b96a2bda6f9133529a6a25e8d86bec7ebe2f109d83a2fcfe7eafdf,
PODRE 2 PRETO E BRANCO.png,public/midia/WEB/PODRE 2 PRETO E BRANCO.png,.png,2617682,2480,3508,,6b9477406a5c850f57b1a2a3517eebb95c863d4110e4ef19ea9149ed3f9377a5,
Prancheta 1.png,public/midia/WEB/Prancheta 1.png,.png,736459,596,842,,100253ec0d5f4e3c6361e37d9ca192c4a2a9ecd60dfec4fd0df425159e17a471,
PRIVATIZAÇÃO PETROBRAS.jpeg,public/midia/WEB/PRIVATIZAÇÃO PETROBRAS.jpeg,.jpeg,2799361,1684,2528,,6525b8722df225ad9c6b20ac621948577071c730d1b749a7d93104427ec311f8,
Proteção Divina sobre o Brasil.png,public/midia/WEB/Proteção Divina sobre o Brasil.png,.png,2687382,1086,1448,,fd693020f7b015a7a7193a31ae5da47b64250dace29058be93231dcda2cb87ce,
Quando.png,public/midia/WEB/Quando.png,.png,345449,1201,2048,,5b51503463d0f623fd34e735cbffacd83c0cb7417660392bd2b162e5a3716af0,Extensão .png não corresponde ao formato JPEG
"Resistir, acreditar e lutar @fumorreu.jpg","public/midia/WEB/Resistir, acreditar e lutar @fumorreu.jpg",.jpg,238838,1080,1440,,d68286b6ad7f786c3d48b9813473f70334b5c1d072721c886645b1a5a37e857a,
sati-04@sawtsi.png,public/midia/WEB/sati-04@sawtsi.png,.png,1948119,2480,3508,,81b7c4cd3ffefe72a730b0e4eafe5f6cecdec05909302eff70df879140c7d2a1,
segundoturno.jpg,public/midia/WEB/segundoturno.jpg,.jpg,454114,1414,2000,,b3c0d067975181e9daf8879528eaebce3bd692bcd45d311f47d86a5fbdeb8281,
Seja eu amanhã porque eu já fui você ontem.jpg,public/midia/WEB/Seja eu amanhã porque eu já fui você ontem.jpg,.jpg,137820,1131,1600,,db7a8710acf98522d3a0a24bf156b09369b825b01bc9986f197ee6999caf76aa,
SEM NULO 1 (1).png,public/midia/WEB/SEM NULO 1 (1).png,.png,1903543,2480,3508,,0cd003656fb71702ccfa7e61ce398e475ddd40d2df1200bd5f62be95c055595c,
SEM NULO 1.png,public/midia/WEB/SEM NULO 1.png,.png,1687136,2480,3508,,56fe64e5c17ae4116933982f28a37071d6baa40008ce0262e20fd70df784afba,
SEM NULO 2 (1).png,public/midia/WEB/SEM NULO 2 (1).png,.png,1917102,2480,3508,,9348364d5fb61d83425c09a45583985c1e2af8e4d9e61cfdc94286ab8db132d0,
SEM NULO 2.png,public/midia/WEB/SEM NULO 2.png,.png,1701776,2480,3508,,de38fa77ff653a6d7accac8e5cb2965b4d6cbc48a3ace0128e2434524ecbe01b,
SEM NULO 3 (1).png,public/midia/WEB/SEM NULO 3 (1).png,.png,394126,2480,3508,,2ad5515812e666f70a621ba1e627207c151a5dc982d51a3a87943118137d764f,
SEM NULO 3.png,public/midia/WEB/SEM NULO 3.png,.png,353425,2480,3508,,fcb1ec58af919113bb3194906e24259f614821641e3e1410737857cefea77396,
SUS.png,public/midia/WEB/SUS.png,.png,2854472,1024,1536,,5ddccb5d5f73b9eaf33d94bfbb0b3ceaef3c56292361037063735a37af151ca7,
Traidor da Constituição é TRAIDOR DA PÁTRIA..png,public/midia/WEB/Traidor da Constituição é TRAIDOR DA PÁTRIA..png,.png,3119100,1587,2245,,2f39ee958947330061c039d2bf5e7e04328a7ea5a892f4993411db205ca484d7,
Universidades Federais.jpg,public/midia/WEB/Universidades Federais.jpg,.jpg,164039,1131,1600,,2d9ffadd1474f48f3b3adb88506fd94e6a9737a1b03c70e62016f14bd6319fa3,
unnamed.jpg,public/midia/WEB/unnamed.jpg,.jpg,148539,1132,1600,,1013b7262322dbe1d1efae6b07bd8587b33a34b3a64b2d887d7c61cdc9687b7e,
Valores Cristãos versus Valores Bolsonaristas.png,public/midia/WEB/Valores Cristãos versus Valores Bolsonaristas.png,.png,2645712,1086,1448,,99f332cbb1f1daabec56ea709b337c28b8d1434f719a5d36bb37db901f699156,
valorescatolicos.png,public/midia/WEB/valorescatolicos.png,.png,1568930,1414,2000,,f56d52123d759c0009618216df7ad2a68eed34ad4fb825f5715748551d708e62,
VERDE_FLAVIO É CONTRA O FIM DA 6X1.png,public/midia/WEB/VERDE_FLAVIO É CONTRA O FIM DA 6X1.png,.png,341671,1414,2000,,6bafba09c2db115c93fc3f900c2cbda19ada7121d071f703d40f0344d4a68b84,
Vice presidente (Frente Cristã).jpg,public/midia/WEB/Vice presidente (Frente Cristã).jpg,.jpg,212964,1414,2000,,bc912224e20b1fb95051102eef5d809c94147cb7df760788aa5de8293bc70cf7,
VOCEMULHER.png,public/midia/WEB/VOCEMULHER.png,.png,2260153,1414,2000,,547617d610ac020c2f767bc36d7fc75242786d205951d1bc930917d7f1ad3192,
VOCEÉOPROXIMO.png,public/midia/WEB/VOCEÉOPROXIMO.png,.png,2667514,1414,2000,,20e31ebae019e78dc906b2b0d0945857a3db487ee50cdc481f2d4bb11ba8c277,
WhatsApp Image 2026-10-05 at 16.50.47.jpeg,public/midia/WEB/WhatsApp Image 2026-10-05 at 16.50.47.jpeg,.jpeg,779614,1600,1131,,94705529108ec52d1c73835a3e904aa8a8928e45ddd7d9ff9c1260676dd6076d,
WhatsApp Image 2026-10-05 at 22.38.15.jpeg,public/midia/WEB/WhatsApp Image 2026-10-05 at 22.38.15.jpeg,.jpeg,134585,596,842,,ef1744f80a7b880c7cc47c5ae96fb8eddd440b8662168ac427818e8518c6e6c3,
WhatsApp Image 2026-10-05 at 23.17.05.jpeg,public/midia/WEB/WhatsApp Image 2026-10-05 at 23.17.05.jpeg,.jpeg,56450,532,757,,1033344e4a3be9ddb97c6181456fc30825e5b9189829611e1dcb3560be4978c5,
WhatsApp Image 2026-10-06 at 01.20.00.jpeg,public/midia/WEB/WhatsApp Image 2026-10-06 at 01.20.00.jpeg,.jpeg,121634,1131,1600,,43333c167468ddf62589d2ce0b5ce9749a41528c5e94d3ca6265422f100aaca1,
WhatsApp Image 2026-10-06 at 10.52.41 (1).jpeg,public/midia/WEB/WhatsApp Image 2026-10-06 at 10.52.41 (1).jpeg,.jpeg,219262,1156,1600,,8102f7962505046c070764435a02861299bd9a22bf5b34ea50f087bc39ad55c8,
WhatsApp Image 2026-10-06 at 10.52.41 (2).jpeg,public/midia/WEB/WhatsApp Image 2026-10-06 at 10.52.41 (2).jpeg,.jpeg,32016,399,487,,aee8344a8769fe0e42929849af03bf06d1367552e2a9fc266746119c54a8d1c6,
WhatsApp Image 2026-10-06 at 10.52.41.jpeg,public/midia/WEB/WhatsApp Image 2026-10-06 at 10.52.41.jpeg,.jpeg,306157,1170,1435,,347c3099e6d4613bf3d72911acaf96f32195f6999665204490a1816ee8083f20,
WhatsApp Image 2026-10-06 at 10.52.42.jpeg,public/midia/WEB/WhatsApp Image 2026-10-06 at 10.52.42.jpeg,.jpeg,150614,1080,1220,,07894d9844d94da72e0725ec7ab1a0bfec5f835d892a255cc188d9b44cb24901,
WhatsApp Image 2026-10-07 at 12.29.20 (1).jpeg,public/midia/WEB/WhatsApp Image 2026-10-07 at 12.29.20 (1).jpeg,.jpeg,200857,1080,1350,,826f4981aa993d90f424c5069eb36a9efb8ebc5dbe98db853a2820f7f5670bb1,
WhatsApp Image 2026-10-07 at 12.29.20 (2).jpeg,public/midia/WEB/WhatsApp Image 2026-10-07 at 12.29.20 (2).jpeg,.jpeg,190689,1080,1350,,8573d95367c6a7f6f9be93757fbd76358fe5418867812307705d710a4337adef,
WhatsApp Image 2026-10-07 at 12.29.20.jpeg,public/midia/WEB/WhatsApp Image 2026-10-07 at 12.29.20.jpeg,.jpeg,177334,1080,1350,,57d448bf3cbbd0b2977ec555c83ca4eb09f416337a84897d7a4702a667f73891,
WhatsApp Image 2026-10-07 at 12.31.20 (1).jpeg,public/midia/WEB/WhatsApp Image 2026-10-07 at 12.31.20 (1).jpeg,.jpeg,145576,1122,1402,,3ea51ac7a7570610d74ff038ac9f3ff595eec41d28d81d382a92298e80db09b3,
WhatsApp Image 2026-10-07 at 12.31.20.jpeg,public/midia/WEB/WhatsApp Image 2026-10-07 at 12.31.20.jpeg,.jpeg,197853,1122,1402,,16537fdbfb05edd89feb94052455b07f1ba059798ce4d1e8944e3d8984d32b07,
WhatsApp Image 2026-10-07 at 12.31.21 (1).jpeg,public/midia/WEB/WhatsApp Image 2026-10-07 at 12.31.21 (1).jpeg,.jpeg,210113,1121,1403,,d76a920349ff6ef9d9b1073a2849ea696d76633164ba0546b7831258d4d07fb1,
WhatsApp Image 2026-10-07 at 12.31.21.jpeg,public/midia/WEB/WhatsApp Image 2026-10-07 at 12.31.21.jpeg,.jpeg,152892,1122,1402,,81a705e797e9ca4715063ada57fde06102edf83f5071237119124fe858f9a5a4,
WhatsApp Image 2026-10-07 at 12.35.30 (1).jpeg,public/midia/WEB/WhatsApp Image 2026-10-07 at 12.35.30 (1).jpeg,.jpeg,199025,1080,1350,,d93180b67918a12e109b5c9b76131dbca430483ce501abd132bb64c7631f6039,
WhatsApp Image 2026-10-07 at 12.35.30.jpeg,public/midia/WEB/WhatsApp Image 2026-10-07 at 12.35.30.jpeg,.jpeg,184888,1080,1350,,c3de65a3f348a0d57fcb800de86fbfa970afddf482d76db252a3f536ce90a2c1,
