caminho_a,caminho_b,distancia_visual,diferenca_cor,observacao
public/midia/LAMBES-CARTAZES/700 mil mortos nunca mais.jpg,public/midia/LAMBES-CARTAZES/WhatsApp Image 2026-10-05 at 23.39.38-2.jpeg,0,0,Sugestão visual; conferir manualmente. Não implica duplicata exata.
public/midia/LAMBES-CARTAZES/Caso Ana Clara.jpg,public/midia/LAMBES-CARTAZES/HT5vb-PWQAAjl5R.jpeg,0,0,Sugestão visual; conferir manualmente. Não implica duplicata exata.
public/midia/LAMBES-CARTAZES/Ditadura nunca mais.jpg,public/midia/LAMBES-CARTAZES/WhatsApp Image 2026-10-05 at 23.39.38-3.jpeg,0,0,Sugestão visual; conferir manualmente. Não implica duplicata exata.
public/midia/LAMBES-CARTAZES/Fila do osso nunca mais.jpg,public/midia/LAMBES-CARTAZES/WhatsApp Image 2026-10-05 at 23.39.38.jpeg,0,0,Sugestão visual; conferir manualmente. Não implica duplicata exata.
public/midia/LAMBES-CARTAZES/HT5vb-PWQAAjl5R.jpeg,public/midia/WEB/4B8EDCA4-886C-4D25-837C-1671738F816B.jpg,0,0,Sugestão visual; conferir manualmente. Não implica duplicata exata.
public/midia/LAMBES-CARTAZES/MAPA DA FOME NUNCA MAIS.jpeg,public/midia/LAMBES-CARTAZES/Mapa da fome nunca mais.jpg,0,0,Sugestão visual; conferir manualmente. Não implica duplicata exata.
public/midia/LAMBES-CARTAZES/renanlula2.png,public/midia/WEB/WhatsApp Image 2026-10-05 at 16.50.47.jpeg,0,0,Sugestão visual; conferir manualmente. Não implica duplicata exata.
public/midia/WEB/Prancheta 1.png,public/midia/WEB/WhatsApp Image 2026-10-05 at 22.38.15.jpeg,0,1,Sugestão visual; conferir manualmente. Não implica duplicata exata.
public/midia/LAMBES-CARTAZES/Nossa Senhora.jpg,public/midia/LAMBES-CARTAZES/WhatsApp Image 2026-10-06 at 09.52.10.jpeg,0,15,Sugestão visual; conferir manualmente. Não implica duplicata exata.
public/midia/LAMBES-CARTAZES/WhatsApp Image 2026-10-06 at 09.52.10.jpeg,public/midia/WEB/Nossa Senhora_.jpg,0,15,Sugestão visual; conferir manualmente. Não implica duplicata exata.
public/midia/LAMBES-CARTAZES/@PCBR_Lorena flávio aposentadoria - 1.png,public/midia/LAMBES-CARTAZES/@PCBR_Lorena flávio aposentadoria - 2.png,1,5,Sugestão visual; conferir manualmente. Não implica duplicata exata.
public/midia/LAMBES-CARTAZES/@PCBR_Lorena flávio farmácia popular - 1.png,public/midia/LAMBES-CARTAZES/@PCBR_Lorena flávio farmácia popular - 2.png,2,5,Sugestão visual; conferir manualmente. Não implica duplicata exata.
public/midia/LAMBES-CARTAZES/@PCBR_Lorena flávio aposentadoria - 1.png,public/midia/LAMBES-CARTAZES/@PCBR_Lorena flávio aposentadoria - 3.png,2,10,Sugestão visual; conferir manualmente. Não implica duplicata exata.
public/midia/LAMBES-CARTAZES/@PCBR Lorena flávio 6x1 - 2.png,public/midia/LAMBES-CARTAZES/@PCBR_Lorena flávio 6x1 - 1.png,3,0,Sugestão visual; conferir manualmente. Não implica duplicata exata.
public/midia/LAMBES-CARTAZES/@PCBR Lorena flávio 6x1 - 2.png,public/midia/LAMBES-CARTAZES/Cópia de @PCBR_Lorena flávio 6x1 - 1.png,3,0,Sugestão visual; conferir manualmente. Não implica duplicata exata.
public/midia/WEB/HT8N8J6WEAEidgi.jpeg,public/midia/WEB/HT9YloQXYAEYAfA.jpeg,3,1,Sugestão visual; conferir manualmente. Não implica duplicata exata.
public/midia/LAMBES-CARTAZES/@PCBR_Lorena flávio aposentadoria - 2.png,public/midia/LAMBES-CARTAZES/@PCBR_Lorena flávio aposentadoria - 3.png,3,5,Sugestão visual; conferir manualmente. Não implica duplicata exata.
public/midia/LAMBES-CARTAZES/1(1).png,public/midia/LAMBES-CARTAZES/4.jpg,4,2,Sugestão visual; conferir manualmente. Não implica duplicata exata.
public/midia/LAMBES-CARTAZES/1.jpg,public/midia/LAMBES-CARTAZES/4.jpg,4,2,Sugestão visual; conferir manualmente. Não implica duplicata exata.
public/midia/LAMBES-CARTAZES/@PCBR_Lorena flávio farmácia popular - 2.png,public/midia/LAMBES-CARTAZES/@PCBR_Lorena flávio farmácia popular - 3.png,4,4,Sugestão visual; conferir manualmente. Não implica duplicata exata.
